sep,vel,a,r,sep_p,vel_p
3,3,1,-5,7,4
7,4,2,-5,10,3
10,3,2,-5,12,2
12,2,2,-5,13,1
13,1,1,-5,15,2
15,2,2,-5,16,1
16,1,1,-5,18,2
18,2,0,0,20,2
20,2,0,0,22,2
22,2,1,-5,25,3
25,3,0,0,28,3
28,3,2,-5,30,2
30,2,0,0,32,2
32,2,2,-5,33,1
33,1,0,0,34,1
34,1,0,0,35,1
35,1,1,-5,37,2
37,2,1,-5,40,3
40,3,1,-5,44,4
44,4,1,-5,49,5
49,5,2,-5,53,4
53,4,2,-5,56,3
56,3,1,-5,60,4
60,4,2,-5,63,3
63,3,2,-5,65,2
65,2,2,-5,66,1
66,1,0,0,67,1
67,1,2,-5,0,0
70,1,0,0,71,1
71,1,2,-5,71,0
71,0,1,-5,72,1
72,1,2,-5,72,0
72,0,1,-5,73,1
73,1,2,-5,73,0
73,0,2,-5,72,-1
72,-1,1,-5,72,0
72,0,2,-5,71,-1
71,-1,2,-5,69,-2
69,-2,2,-5,66,-3
66,-3,2,-5,62,-4
62,-4,1,-5,59,-3
59,-3,2,-5,55,-4
55,-4,0,0,51,-4
51,-4,2,-5,46,-5
46,-5,2,-5,40,-6
40,-6,0,0,34,-6
34,-6,2,-5,27,-7
27,-7,0,0,20,-7
20,-7,2,-5,12,-8
12,-8,2,-5,3,-9
3,-9,0,0,-6,-9
-6,-9,1,-5,-14,-8
-14,-8,2,-5,-23,-9
-23,-9,1,-5,-31,-8
-31,-8,0,0,-39,-8
-39,-8,2,-5,0,0
-39,-5,0,0,-44,-5
-44,-5,2,-5,-50,-6
-50,-6,1,-5,-55,-5
-55,-5,0,0,-60,-5
-60,-5,1,-5,-64,-4
-64,-4,1,-5,-67,-3
-67,-3,0,0,-70,-3
-70,-3,0,0,-73,-3
-73,-3,1,-5,-75,-2
-75,-2,1,-5,-76,-1
-76,-1,0,0,0,0
-71,3,0,0,-68,3
-68,3,0,0,-65,3
-65,3,0,0,-62,3
-62,3,1,-5,-58,4
-58,4,0,0,-54,4
-54,4,1,-5,-49,5
-49,5,2,-5,-45,4
-45,4,1,-5,-40,5
-40,5,1,-5,-34,6
-34,6,1,-5,-27,7
-27,7,0,0,-20,7
-20,7,0,0,-13,7
-13,7,2,-5,-7,6
-7,6,2,-5,-2,5
-2,5,2,-5,2,4
2,4,1,-5,7,5
7,5,1,-5,13,6
13,6,1,-5,20,7
20,7,1,-5,28,8
28,8,1,-5,37,9
37,9,1,-5,47,10
47,10,1,-5,58,11
58,11,0,0,69,11
69,11,1,-5,81,12
81,12,0,0,93,12
93,12,0,0,105,12
105,12,1,-5,118,13
118,13,0,0,131,13
131,13,1,-5,145,14
145,14,2,-5,158,13
158,13,1,-5,0,0
-29,3,0,0,-26,3
-26,3,2,-5,-24,2
-24,2,1,-5,-21,3
-21,3,0,0,-18,3
-18,3,1,-5,-14,4
-14,4,2,-5,-11,3
-11,3,2,-5,-9,2
-9,2,1,-5,-6,3
-6,3,1,-5,-2,4
-2,4,2,-5,1,3
1,3,2,-5,3,2
3,2,1,-5,6,3
6,3,0,0,9,3
9,3,1,-5,13,4
13,4,2,-5,16,3
16,3,2,-5,18,2
18,2,1,-5,21,3
21,3,0,0,24,3
24,3,0,0,27,3
27,3,1,-5,31,4
31,4,1,-5,36,5
36,5,2,-5,40,4
40,4,0,0,44,4
44,4,2,-5,47,3
47,3,2,-5,49,2
49,2,0,0,51,2
51,2,2,-5,52,1
52,1,2,-5,52,0
52,0,0,0,52,0
52,0,0,0,52,0
52,0,2,-5,51,-1
51,-1,1,-5,51,0
51,0,0,0,51,0
51,0,2,-5,50,-1
50,-1,2,-5,0,0
-66,2,0,0,-64,2
-64,2,1,-5,-61,3
-61,3,1,-5,-57,4
-57,4,2,-5,-54,3
-54,3,2,-5,-52,2
-52,2,2,-5,-51,1
-51,1,1,-5,-49,2
-49,2,0,0,-47,2
-47,2,1,-5,-44,3
-44,3,1,-5,-40,4
-40,4,0,0,-36,4
-36,4,1,-5,-31,5
-31,5,1,-5,-25,6
-25,6,2,-5,-20,5
-20,5,0,0,-15,5
-15,5,2,-5,-11,4
-11,4,1,-5,-6,5
-6,5,1,-5,0,6
0,6,0,0,6,6
6,6,1,-5,13,7
13,7,1,-5,21,8
21,8,1,-5,30,9
30,9,0,0,39,9
39,9,0,0,48,9
48,9,2,-5,56,8
56,8,2,-5,63,7
63,7,1,-5,71,8
71,8,2,-5,78,7
78,7,2,-5,84,6
84,6,2,-5,89,5
89,5,1,-5,95,6
95,6,2,-5,100,5
100,5,0,0,105,5
105,5,0,0,110,5
110,5,1,-5,116,6
116,6,2,-5,121,5
121,5,0,0,126,5
126,5,0,0,131,5
131,5,2,-5,135,4
135,4,0,0,139,4
139,4,2,-5,142,3
142,3,1,-5,146,4
146,4,1,-5,151,5
151,5,1,-5,157,6
157,6,1,-5,164,7
164,7,2,-5,170,6
170,6,1,-5,0,0
-91,-3,0,0,-94,-3
-94,-3,2,-5,-98,-4
-98,-4,1,-5,-101,-3
-101,-3,2,-5,-105,-4
-105,-4,2,-5,-110,-5
-110,-5,2,-5,-116,-6
-116,-6,2,-5,-123,-7
-123,-7,2,-5,-131,-8
-131,-8,1,-5,-138,-7
-138,-7,1,-5,-144,-6
-144,-6,0,0,-150,-6
-150,-6,1,-5,-155,-5
-155,-5,2,-5,-161,-6
-161,-6,2,-5,-168,-7
-168,-7,0,0,-175,-7
-175,-7,1,-5,-181,-6
-181,-6,1,-5,-186,-5
-186,-5,0,0,0,0
-10,3,1,-5,-6,4
-6,4,1,-5,-1,5
-1,5,1,-5,5,6
5,6,1,-5,12,7
12,7,0,0,19,7
19,7,1,-5,27,8
27,8,1,-5,36,9
36,9,0,0,45,9
45,9,0,0,54,9
54,9,1,-5,64,10
64,10,0,0,74,10
74,10,2,-5,83,9
83,9,2,-5,91,8
91,8,1,-5,100,9
100,9,2,-5,108,8
108,8,0,0,116,8
116,8,0,0,124,8
124,8,0,0,132,8
132,8,0,0,140,8
140,8,0,0,148,8
148,8,0,0,0,0
-89,3,2,-5,-87,2
-87,2,2,-5,-86,1
-86,1,0,0,-85,1
-85,1,2,-5,-85,0
-85,0,0,0,-85,0
-85,0,1,-5,-84,1
-84,1,1,-5,-82,2
-82,2,2,-5,-81,1
-81,1,0,0,-80,1
-80,1,2,-5,-80,0
-80,0,1,-5,-79,1
-79,1,0,0,-78,1
-78,1,1,-5,-76,2
-76,2,1,-5,-73,3
-73,3,0,0,-70,3
-70,3,2,-5,-68,2
-68,2,2,-5,-67,1
-67,1,2,-5,-67,0
-67,0,2,-5,-68,-1
-68,-1,1,-5,-68,0
-68,0,1,-5,-67,1
-67,1,0,0,-66,1
-66,1,1,-5,-64,2
-64,2,2,-5,-63,1
-63,1,2,-5,-63,0
-63,0,1,-5,-62,1
-62,1,0,0,-61,1
-61,1,1,-5,-59,2
-59,2,2,-5,-58,1
-58,1,1,-5,-56,2
-56,2,0,0,-54,2
-54,2,0,0,-52,2
-52,2,2,-5,-51,1
-51,1,1,-5,-49,2
-49,2,1,-5,-46,3
-46,3,2,-5,-44,2
-44,2,1,-5,-41,3
-41,3,2,-5,-39,2
-39,2,0,0,-37,2
-37,2,0,0,-35,2
-35,2,2,-5,-34,1
-34,1,2,-5,-34,0
-34,0,1,-5,-33,1
-33,1,1,-5,-31,2
-31,2,1,-5,-28,3
-28,3,0,0,-25,3
-25,3,2,-5,-23,2
-23,2,0,0,-21,2
-21,2,1,-5,-18,3
-18,3,2,-5,-16,2
-16,2,2,-5,-15,1
-15,1,0,0,-14,1
-14,1,1,-5,-12,2
-12,2,0,0,-10,2
-10,2,1,-5,-7,3
-7,3,0,0,-4,3
-4,3,0,0,-1,3
-1,3,0,0,2,3
2,3,1,-5,6,4
6,4,0,0,10,4
10,4,1,-5,15,5
15,5,1,-5,21,6
21,6,0,0,0,0
-63,4,2,-5,-60,3
-60,3,2,-5,-58,2
-58,2,0,0,-56,2
-56,2,1,-5,-53,3
-53,3,2,-5,-51,2
-51,2,0,0,-49,2
-49,2,1,-5,-46,3
-46,3,2,-5,0,0
7,-2,0,0,5,-2
5,-2,2,-5,2,-3
2,-3,2,-5,-2,-4
-2,-4,2,-5,-7,-5
-7,-5,0,0,-12,-5
-12,-5,2,-5,-18,-6
-18,-6,2,-5,-25,-7
-25,-7,2,-5,-33,-8
-33,-8,2,-5,-42,-9
-42,-9,0,0,-51,-9
-51,-9,1,-5,-59,-8
-59,-8,0,0,0,0
103,-4,2,-5,98,-5
98,-5,0,0,93,-5
93,-5,0,0,88,-5
88,-5,1,-5,84,-4
84,-4,1,-5,81,-3
81,-3,0,0,78,-3
78,-3,2,-5,74,-4
74,-4,2,-5,69,-5
69,-5,0,0,64,-5
64,-5,0,0,59,-5
59,-5,0,0,54,-5
54,-5,1,-5,50,-4
50,-4,1,-5,47,-3
47,-3,1,-5,45,-2
45,-2,0,0,43,-2
43,-2,2,-5,40,-3
40,-3,2,-5,36,-4
36,-4,1,-5,33,-3
33,-3,2,-5,29,-4
29,-4,0,0,25,-4
25,-4,2,-5,20,-5
20,-5,2,-5,14,-6
14,-6,0,0,8,-6
8,-6,2,-5,1,-7
1,-7,2,-5,-7,-8
-7,-8,1,-5,-14,-7
-14,-7,1,-5,-20,-6
-20,-6,2,-5,0,0
139,-2,0,0,137,-2
137,-2,2,-5,134,-3
134,-3,1,-5,132,-2
132,-2,2,-5,129,-3
129,-3,2,-5,125,-4
125,-4,2,-5,120,-5
120,-5,2,-5,114,-6
114,-6,2,-5,107,-7
107,-7,1,-5,101,-6
101,-6,0,0,95,-6
95,-6,1,-5,90,-5
90,-5,0,0,85,-5
85,-5,2,-5,79,-6
79,-6,2,-5,72,-7
72,-7,1,-5,66,-6
66,-6,0,0,60,-6
60,-6,1,-5,55,-5
55,-5,0,0,50,-5
50,-5,0,0,45,-5
45,-5,1,-5,41,-4
41,-4,0,0,37,-4
37,-4,0,0,33,-4
33,-4,2,-5,28,-5
28,-5,2,-5,22,-6
22,-6,2,-5,15,-7
15,-7,1,-5,9,-6
9,-6,1,-5,4,-5
4,-5,2,-5,-2,-6
-2,-6,0,0,-8,-6
-8,-6,2,-5,-15,-7
-15,-7,2,-5,-23,-8
-23,-8,0,0,-31,-8
-31,-8,0,0,-39,-8
-39,-8,0,0,-47,-8
-47,-8,2,-5,-56,-9
-56,-9,0,0,-65,-9
-65,-9,1,-5,-73,-8
-73,-8,1,-5,-80,-7
-80,-7,1,-5,-86,-6
-86,-6,0,0,-92,-6
-92,-6,1,-5,-97,-5
-97,-5,0,0,-102,-5
-102,-5,2,-5,-108,-6
-108,-6,2,-5,-115,-7
-115,-7,0,0,-122,-7
-122,-7,0,0,-129,-7
-129,-7,0,0,-136,-7
-136,-7,1,-5,-142,-6
-142,-6,1,-5,0,0
101,3,2,-5,103,2
103,2,0,0,105,2
105,2,0,0,107,2
107,2,2,-5,108,1
108,1,2,-5,108,0
108,0,2,-5,107,-1
107,-1,2,-5,105,-2
105,-2,1,-5,104,-1
104,-1,0,0,103,-1
103,-1,1,-5,103,0
103,0,0,0,103,0
103,0,2,-5,102,-1
102,-1,2,-5,100,-2
100,-2,1,-5,99,-1
99,-1,2,-5,97,-2
97,-2,1,-5,96,-1
96,-1,2,-5,0,0
7,-3,0,0,4,-3
4,-3,2,-5,0,-4
0,-4,1,-5,-3,-3
-3,-3,2,-5,-7,-4
-7,-4,1,-5,-10,-3
-10,-3,2,-5,-14,-4
-14,-4,2,-5,-19,-5
-19,-5,1,-5,-23,-4
-23,-4,1,-5,-26,-3
-26,-3,0,0,-29,-3
-29,-3,1,-5,-31,-2
-31,-2,2,-5,-34,-3
-34,-3,1,-5,-36,-2
-36,-2,2,-5,-39,-3
-39,-3,1,-5,-41,-2
-41,-2,2,-5,-44,-3
-44,-3,1,-5,-46,-2
-46,-2,1,-5,-47,-1
-47,-1,2,-5,-49,-2
-49,-2,0,0,-51,-2
-51,-2,0,0,-53,-2
-53,-2,0,0,-55,-2
-55,-2,0,0,-57,-2
-57,-2,2,-5,-60,-3
-60,-3,1,-5,-62,-2
-62,-2,2,-5,-65,-3
-65,-3,1,-5,-67,-2
-67,-2,1,-5,-68,-1
-68,-1,2,-5,-70,-2
-70,-2,2,-5,-73,-3
-73,-3,1,-5,-75,-2
-75,-2,2,-5,-78,-3
-78,-3,1,-5,-80,-2
-80,-2,1,-5,-81,-1
-81,-1,2,-5,-83,-2
-83,-2,0,0,-85,-2
-85,-2,2,-5,-88,-3
-88,-3,0,0,-91,-3
-91,-3,1,-5,-93,-2
-93,-2,1,-5,-94,-1
-94,-1,2,-5,-96,-2
-96,-2,0,0,-98,-2
-98,-2,0,0,-100,-2
-100,-2,1,-5,-101,-1
-101,-1,1,-5,-101,0
-101,0,0,0,-101,0
-101,0,2,-5,-102,-1
-102,-1,2,-5,-104,-2
-104,-2,2,-5,-107,-3
-107,-3,2,-5,-111,-4
-111,-4,1,-5,-114,-3
-114,-3,2,-5,0,0
-99,4,0,0,-95,4
-95,4,0,0,-91,4
-91,4,0,0,-87,4
-87,4,1,-5,-82,5
-82,5,2,-5,-78,4
-78,4,2,-5,-75,3
-75,3,1,-5,-71,4
-71,4,1,-5,-66,5
-66,5,2,-5,-62,4
-62,4,0,0,-58,4
-58,4,0,0,-54,4
-54,4,0,0,-50,4
-50,4,1,-5,-45,5
-45,5,1,-5,-39,6
-39,6,0,0,-33,6
-33,6,1,-5,-26,7
-26,7,0,0,-19,7
-19,7,1,-5,-11,8
-11,8,2,-5,-4,7
-4,7,2,-5,2,6
2,6,2,-5,7,5
7,5,0,0,12,5
12,5,1,-5,18,6
18,6,0,0,24,6
24,6,0,0,30,6
30,6,1,-5,37,7
37,7,2,-5,43,6
43,6,2,-5,48,5
48,5,2,-5,52,4
52,4,1,-5,57,5
57,5,0,0,62,5
62,5,0,0,67,5
67,5,1,-5,73,6
73,6,1,-5,80,7
80,7,1,-5,88,8
88,8,1,-5,97,9
97,9,1,-5,107,10
107,10,0,0,117,10
117,10,1,-5,128,11
128,11,1,-5,140,12
140,12,0,0,152,12
152,12,1,-5,165,13
165,13,0,0,0,0
-113,-3,0,0,-116,-3
-116,-3,0,0,-119,-3
-119,-3,1,-5,-121,-2
-121,-2,0,0,-123,-2
-123,-2,2,-5,-126,-3
-126,-3,2,-5,-130,-4
-130,-4,2,-5,-135,-5
-135,-5,0,0,-140,-5
-140,-5,2,-5,-146,-6
-146,-6,0,0,0,0
-21,4,0,0,-17,4
-17,4,2,-5,-14,3
-14,3,0,0,-11,3
-11,3,1,-5,-7,4
-7,4,1,-5,-2,5
-2,5,1,-5,4,6
4,6,0,0,10,6
10,6,2,-5,15,5
15,5,0,0,20,5
20,5,2,-5,24,4
24,4,1,-5,29,5
29,5,2,-5,33,4
33,4,2,-5,36,3
36,3,1,-5,40,4
40,4,1,-5,45,5
45,5,1,-5,51,6
51,6,1,-5,58,7
58,7,2,-5,64,6
64,6,1,-5,71,7
71,7,0,0,78,7
78,7,2,-5,84,6
84,6,2,-5,89,5
89,5,0,0,94,5
94,5,0,0,99,5
99,5,0,0,104,5
104,5,0,0,109,5
109,5,1,-5,115,6
115,6,0,0,121,6
121,6,1,-5,128,7
128,7,2,-5,134,6
134,6,1,-5,141,7
141,7,0,0,148,7
148,7,0,0,155,7
155,7,2,-5,0,0
40,2,0,0,42,2
42,2,2,-5,43,1
43,1,2,-5,43,0
43,0,0,0,43,0
43,0,0,0,43,0
43,0,1,-5,44,1
44,1,0,0,45,1
45,1,2,-5,45,0
45,0,0,0,45,0
45,0,1,-5,46,1
46,1,0,0,47,1
47,1,1,-5,49,2
49,2,2,-5,50,1
50,1,2,-5,50,0
50,0,1,-5,51,1
51,1,1,-5,53,2
53,2,0,0,55,2
55,2,0,0,57,2
57,2,1,-5,60,3
60,3,0,0,0,0
13,3,2,-5,15,2
15,2,1,-5,18,3
18,3,2,-5,20,2
20,2,1,-5,23,3
23,3,0,0,26,3
26,3,0,0,29,3
29,3,1,-5,33,4
33,4,1,-5,38,5
38,5,1,-5,44,6
44,6,2,-5,49,5
49,5,0,0,54,5
54,5,1,-5,60,6
60,6,2,-5,65,5
65,5,0,0,70,5
70,5,1,-5,76,6
76,6,0,0,82,6
82,6,0,0,88,6
88,6,1,-5,95,7
95,7,2,-5,101,6
101,6,1,-5,108,7
108,7,0,0,0,0
77,0,1,-5,78,1
78,1,2,-5,78,0
78,0,0,0,78,0
78,0,1,-5,79,1
79,1,1,-5,81,2
81,2,1,-5,84,3
84,3,1,-5,0,0
2,-1,0,0,1,-1
1,-1,1,-5,1,0
1,0,2,-5,0,-1
0,-1,2,-5,-2,-2
-2,-2,1,-5,-3,-1
-3,-1,0,0,-4,-1
-4,-1,1,-5,-4,0
-4,0,0,0,-4,0
-4,0,2,-5,-5,-1
-5,-1,2,-5,-7,-2
-7,-2,2,-5,-10,-3
-10,-3,0,0,-13,-3
-13,-3,0,0,-16,-3
-16,-3,2,-5,-20,-4
-20,-4,1,-5,-23,-3
-23,-3,0,0,-26,-3
-26,-3,2,-5,-30,-4
-30,-4,2,-5,-35,-5
-35,-5,1,-5,-39,-4
-39,-4,0,0,-43,-4
-43,-4,2,-5,-48,-5
-48,-5,2,-5,-54,-6
-54,-6,1,-5,-59,-5
-59,-5,0,0,-64,-5
-64,-5,1,-5,-68,-4
-68,-4,2,-5,-73,-5
-73,-5,0,0,-78,-5
-78,-5,2,-5,-84,-6
-84,-6,1,-5,-89,-5
-89,-5,2,-5,-95,-6
-95,-6,0,0,-101,-6
-101,-6,0,0,-107,-6
-107,-6,2,-5,-114,-7
-114,-7,2,-5,-122,-8
-122,-8,0,0,-130,-8
-130,-8,1,-5,0,0
-155,-4,0,0,-159,-4
-159,-4,0,0,-163,-4
-163,-4,1,-5,-166,-3
-166,-3,0,0,-169,-3
-169,-3,2,-5,-173,-4
-173,-4,0,0,-177,-4
-177,-4,2,-5,-182,-5
-182,-5,2,-5,-188,-6
-188,-6,1,-5,-193,-5
-193,-5,2,-5,0,0
56,0,1,-5,57,1
57,1,2,-5,57,0
57,0,0,0,57,0
57,0,1,-5,58,1
58,1,0,0,59,1
59,1,0,0,60,1
60,1,1,-5,62,2
62,2,2,-5,63,1
63,1,0,0,64,1
64,1,2,-5,64,0
64,0,0,0,64,0
64,0,0,0,64,0
64,0,1,-5,65,1
65,1,1,-5,67,2
67,2,1,-5,70,3
70,3,0,0,73,3
73,3,1,-5,77,4
77,4,0,0,81,4
81,4,1,-5,86,5
86,5,0,0,91,5
91,5,1,-5,97,6
97,6,2,-5,102,5
102,5,1,-5,108,6
108,6,1,-5,115,7
115,7,1,-5,123,8
123,8,2,-5,130,7
130,7,0,0,137,7
137,7,0,0,144,7
144,7,2,-5,150,6
150,6,1,-5,0,0
-111,4,2,-5,-108,3
-108,3,2,-5,-106,2
-106,2,2,-5,-105,1
-105,1,1,-5,-103,2
-103,2,0,0,-101,2
-101,2,1,-5,-98,3
-98,3,0,0,-95,3
-95,3,2,-5,-93,2
-93,2,2,-5,-92,1
-92,1,1,-5,-90,2
-90,2,2,-5,-89,1
-89,1,0,0,-88,1
-88,1,2,-5,-88,0
-88,0,0,0,-88,0
-88,0,0,0,-88,0
-88,0,1,-5,-87,1
-87,1,2,-5,-87,0
-87,0,1,-5,-86,1
-86,1,2,-5,0,0
-112,-3,2,-5,-116,-4
-116,-4,0,0,-120,-4
-120,-4,0,0,-124,-4
-124,-4,2,-5,0,0
-78,-2,0,0,-80,-2
-80,-2,2,-5,-83,-3
-83,-3,0,0,-86,-3
-86,-3,0,0,-89,-3
-89,-3,2,-5,-93,-4
-93,-4,2,-5,-98,-5
-98,-5,1,-5,-102,-4
-102,-4,1,-5,-105,-3
-105,-3,1,-5,-107,-2
-107,-2,2,-5,-110,-3
-110,-3,0,0,-113,-3
-113,-3,1,-5,-115,-2
-115,-2,1,-5,-116,-1
-116,-1,0,0,-117,-1
-117,-1,0,0,-118,-1
-118,-1,1,-5,-118,0
-118,0,2,-5,-119,-1
-119,-1,1,-5,-119,0
-119,0,0,0,-119,0
-119,0,0,0,-119,0
-119,0,1,-5,-118,1
-118,1,1,-5,-116,2
-116,2,1,-5,-113,3
-113,3,1,-5,-109,4
-109,4,2,-5,0,0
31,-2,0,0,29,-2
29,-2,2,-5,26,-3
26,-3,2,-5,22,-4
22,-4,2,-5,17,-5
17,-5,2,-5,11,-6
11,-6,2,-5,4,-7
4,-7,1,-5,-2,-6
-2,-6,1,-5,-7,-5
-7,-5,2,-5,-13,-6
-13,-6,0,0,-19,-6
-19,-6,1,-5,-24,-5
-24,-5,2,-5,-30,-6
-30,-6,1,-5,-35,-5
-35,-5,1,-5,-39,-4
-39,-4,2,-5,-44,-5
-44,-5,1,-5,-48,-4
-48,-4,1,-5,-51,-3
-51,-3,1,-5,-53,-2
-53,-2,2,-5,-56,-3
-56,-3,0,0,-59,-3
-59,-3,0,0,-62,-3
-62,-3,0,0,-65,-3
-65,-3,2,-5,-69,-4
-69,-4,0,0,-73,-4
-73,-4,0,0,-77,-4
-77,-4,2,-5,-82,-5
-82,-5,1,-5,-86,-4
-86,-4,1,-5,-89,-3
-89,-3,0,0,-92,-3
-92,-3,1,-5,-94,-2
-94,-2,1,-5,-95,-1
-95,-1,2,-5,-97,-2
-97,-2,0,0,-99,-2
-99,-2,0,0,-101,-2
-101,-2,0,0,-103,-2
-103,-2,2,-5,-106,-3
-106,-3,2,-5,-110,-4
-110,-4,2,-5,-115,-5
-115,-5,1,-5,-119,-4
-119,-4,1,-5,-122,-3
-122,-3,0,0,-125,-3
-125,-3,2,-5,-129,-4
-129,-4,2,-5,-134,-5
-134,-5,0,0,-139,-5
-139,-5,1,-5,-143,-4
-143,-4,2,-5,-148,-5
-148,-5,1,-5,-152,-4
-152,-4,0,0,-156,-4
-156,-4,0,0,-160,-4
-160,-4,1,-5,-163,-3
-163,-3,0,0,-166,-3
-166,-3,0,0,-169,-3
-169,-3,2,-5,-173,-4
-173,-4,1,-5,-176,-3
-176,-3,1,-5,-178,-2
-178,-2,0,0,-180,-2
-180,-2,2,-5,-183,-3
-183,-3,1,-5,-185,-2
-185,-2,0,0,-187,-2
-187,-2,2,-5,-190,-3
-190,-3,0,0,-193,-3
-193,-3,2,-5,-197,-4
-197,-4,1,-5,0,0
22,4,1,-5,27,5
27,5,2,-5,31,4
31,4,2,-5,34,3
34,3,0,0,37,3
37,3,2,-5,39,2
39,2,2,-5,0,0
3,-5,0,0,-2,-5
-2,-5,0,0,-7,-5
-7,-5,2,-5,-13,-6
-13,-6,0,0,-19,-6
-19,-6,2,-5,-26,-7
-26,-7,1,-5,-32,-6
-32,-6,1,-5,-37,-5
-37,-5,0,0,-42,-5
-42,-5,2,-5,-48,-6
-48,-6,2,-5,-55,-7
-55,-7,2,-5,-63,-8
-63,-8,0,0,-71,-8
-71,-8,2,-5,-80,-9
-80,-9,2,-5,-90,-10
-90,-10,1,-5,-99,-9
-99,-9,2,-5,-109,-10
-109,-10,2,-5,-120,-11
-120,-11,2,-5,-132,-12
-132,-12,1,-5,-143,-11
-143,-11,2,-5,-155,-12
-155,-12,0,0,0,0
34,-2,0,0,32,-2
32,-2,1,-5,31,-1
31,-1,1,-5,31,0
31,0,1,-5,32,1
32,1,2,-5,32,0
32,0,2,-5,31,-1
31,-1,0,0,30,-1
30,-1,0,0,29,-1
29,-1,0,0,28,-1
28,-1,1,-5,28,0
28,0,1,-5,29,1
29,1,0,0,30,1
30,1,0,0,31,1
31,1,2,-5,31,0
31,0,2,-5,30,-1
30,-1,0,0,29,-1
29,-1,0,0,28,-1
28,-1,1,-5,28,0
28,0,1,-5,29,1
29,1,1,-5,31,2
31,2,2,-5,32,1
32,1,2,-5,32,0
32,0,0,0,32,0
32,0,0,0,32,0
32,0,2,-5,31,-1
31,-1,1,-5,31,0
31,0,1,-5,32,1
32,1,1,-5,34,2
34,2,2,-5,35,1
35,1,2,-5,35,0
35,0,2,-5,34,-1
34,-1,0,0,33,-1
33,-1,1,-5,33,0
33,0,0,0,33,0
33,0,0,0,33,0
33,0,0,0,33,0
33,0,1,-5,34,1
34,1,1,-5,36,2
36,2,2,-5,37,1
37,1,2,-5,37,0
37,0,1,-5,38,1
38,1,0,0,39,1
39,1,2,-5,39,0
39,0,0,0,39,0
39,0,2,-5,38,-1
38,-1,1,-5,38,0
38,0,1,-5,39,1
39,1,2,-5,39,0
39,0,1,-5,40,1
40,1,0,0,41,1
41,1,1,-5,43,2
43,2,0,0,45,2
45,2,2,-5,46,1
46,1,0,0,47,1
47,1,0,0,48,1
48,1,0,0,49,1
49,1,0,0,50,1
50,1,0,0,51,1
51,1,0,0,52,1
52,1,2,-5,52,0
52,0,2,-5,51,-1
51,-1,2,-5,49,-2
49,-2,2,-5,46,-3
46,-3,0,0,43,-3
43,-3,2,-5,39,-4
39,-4,0,0,35,-4
35,-4,2,-5,30,-5
30,-5,2,-5,24,-6
24,-6,0,0,18,-6
18,-6,2,-5,11,-7
11,-7,1,-5,5,-6
5,-6,2,-5,-2,-7
-2,-7,1,-5,-8,-6
-8,-6,2,-5,-15,-7
-15,-7,0,0,-22,-7
-22,-7,0,0,-29,-7
-29,-7,1,-5,-35,-6
-35,-6,1,-5,-40,-5
-40,-5,1,-5,-44,-4
-44,-4,2,-5,-49,-5
-49,-5,1,-5,-53,-4
-53,-4,0,0,-57,-4
-57,-4,0,0,-61,-4
-61,-4,0,0,-65,-4
-65,-4,0,0,-69,-4
-69,-4,1,-5,-72,-3
-72,-3,2,-5,-76,-4
-76,-4,0,0,0,0
114,-3,1,-5,112,-2
112,-2,2,-5,109,-3
109,-3,0,0,106,-3
106,-3,1,-5,104,-2
104,-2,1,-5,103,-1
103,-1,2,-5,101,-2
101,-2,1,-5,100,-1
100,-1,0,0,99,-1
99,-1,2,-5,97,-2
97,-2,2,-5,94,-3
94,-3,0,0,91,-3
91,-3,2,-5,87,-4
87,-4,1,-5,84,-3
84,-3,1,-5,82,-2
82,-2,0,0,80,-2
80,-2,0,0,78,-2
78,-2,1,-5,77,-1
77,-1,0,0,76,-1
76,-1,1,-5,76,0
76,0,1,-5,77,1
77,1,2,-5,77,0
77,0,1,-5,78,1
78,1,0,0,79,1
79,1,0,0,80,1
80,1,2,-5,80,0
80,0,1,-5,0,0
58,-2,0,0,56,-2
56,-2,1,-5,55,-1
55,-1,2,-5,53,-2
53,-2,0,0,51,-2
51,-2,2,-5,48,-3
48,-3,1,-5,46,-2
46,-2,0,0,44,-2
44,-2,2,-5,41,-3
41,-3,1,-5,39,-2
39,-2,0,0,37,-2
37,-2,2,-5,34,-3
34,-3,0,0,31,-3
31,-3,2,-5,27,-4
27,-4,0,0,23,-4
23,-4,1,-5,20,-3
20,-3,2,-5,16,-4
16,-4,0,0,12,-4
12,-4,2,-5,7,-5
7,-5,1,-5,3,-4
3,-4,1,-5,0,-3
0,-3,1,-5,-2,-2
-2,-2,1,-5,-3,-1
-3,-1,2,-5,-5,-2
-5,-2,2,-5,-8,-3
-8,-3,0,0,-11,-3
-11,-3,0,0,-14,-3
-14,-3,1,-5,-16,-2
-16,-2,2,-5,-19,-3
-19,-3,2,-5,-23,-4
-23,-4,1,-5,-26,-3
-26,-3,2,-5,-30,-4
-30,-4,2,-5,-35,-5
-35,-5,1,-5,-39,-4
-39,-4,2,-5,-44,-5
-44,-5,0,0,-49,-5
-49,-5,0,0,-54,-5
-54,-5,0,0,-59,-5
-59,-5,0,0,-64,-5
-64,-5,1,-5,-68,-4
-68,-4,2,-5,-73,-5
-73,-5,0,0,-78,-5
-78,-5,2,-5,-84,-6
-84,-6,0,0,-90,-6
-90,-6,0,0,-96,-6
-96,-6,0,0,-102,-6
-102,-6,1,-5,-107,-5
-107,-5,0,0,-112,-5
-112,-5,2,-5,-118,-6
-118,-6,2,-5,-125,-7
-125,-7,1,-5,-131,-6
-131,-6,1,-5,-136,-5
-69,-3,1,-5,-71,-2
-71,-2,2,-5,-74,-3
-74,-3,0,0,-77,-3
-77,-3,1,-5,-79,-2
-79,-2,1,-5,-80,-1
-80,-1,0,0,-81,-1
-81,-1,1,-5,-81,0
-81,0,2,-5,-82,-1
-82,-1,1,-5,-82,0
-82,0,0,0,-82,0
-82,0,0,0,-82,0
-82,0,2,-5,-83,-1
-83,-1,0,0,-84,-1
-84,-1,0,0,-85,-1
-85,-1,1,-5,-85,0
-85,0,0,0,0,0
-2,-3,1,-5,-4,-2
-4,-2,1,-5,-5,-1
-5,-1,2,-5,-7,-2
-7,-2,1,-5,-8,-1
-8,-1,2,-5,-10,-2
-10,-2,2,-5,-13,-3
-13,-3,1,-5,-15,-2
-15,-2,2,-5,-18,-3
-18,-3,2,-5,-22,-4
-22,-4,2,-5,-27,-5
-27,-5,2,-5,-33,-6
-33,-6,1,-5,-38,-5
-38,-5,1,-5,-42,-4
-42,-4,1,-5,-45,-3
-45,-3,0,0,-48,-3
-48,-3,2,-5,-52,-4
-52,-4,2,-5,-57,-5
-57,-5,2,-5,-63,-6
-63,-6,1,-5,-68,-5
-68,-5,1,-5,-72,-4
-72,-4,0,0,-76,-4
-76,-4,2,-5,-81,-5
-81,-5,2,-5,-87,-6
-87,-6,1,-5,-92,-5
-92,-5,1,-5,-96,-4
-96,-4,0,0,-100,-4
-100,-4,1,-5,0,0
70,2,0,0,72,2
72,2,0,0,74,2
74,2,2,-5,75,1
75,1,2,-5,75,0
75,0,1,-5,76,1
76,1,2,-5,76,0
76,0,0,0,76,0
76,0,0,0,76,0
76,0,2,-5,75,-1
75,-1,1,-5,75,0
75,0,1,-5,76,1
76,1,0,0,77,1
77,1,1,-5,79,2
79,2,0,0,81,2
81,2,1,-5,84,3
84,3,2,-5,86,2
86,2,1,-5,89,3
89,3,1,-5,93,4
93,4,1,-5,98,5
98,5,1,-5,104,6
104,6,0,0,110,6
110,6,0,0,116,6
116,6,1,-5,123,7
123,7,1,-5,131,8
131,8,2,-5,138,7
138,7,1,-5,0,0
-80,-2,0,0,-82,-2
-82,-2,1,-5,-83,-1
-83,-1,0,0,0,0
-24,4,0,0,-20,4
-20,4,1,-5,-15,5
-15,5,0,0,-10,5
-10,5,1,-5,-4,6
-4,6,1,-5,3,7
3,7,2,-5,9,6
9,6,2,-5,14,5
14,5,2,-5,18,4
18,4,0,0,22,4
22,4,1,-5,27,5
27,5,2,-5,31,4
31,4,1,-5,36,5
36,5,1,-5,42,6
42,6,1,-5,49,7
49,7,1,-5,57,8
57,8,2,-5,64,7
64,7,2,-5,70,6
70,6,2,-5,75,5
75,5,1,-5,81,6
81,6,0,0,87,6
87,6,0,0,93,6
93,6,0,0,99,6
99,6,2,-5,104,5
104,5,2,-5,108,4
108,4,0,0,112,4
112,4,0,0,116,4
116,4,2,-5,119,3
119,3,2,-5,121,2
121,2,1,-5,124,3
124,3,2,-5,126,2
126,2,2,-5,127,1
127,1,2,-5,127,0
127,0,0,0,127,0
127,0,1,-5,128,1
128,1,1,-5,130,2
130,2,2,-5,131,1
131,1,0,0,132,1
132,1,2,-5,132,0
132,0,2,-5,131,-1
131,-1,1,-5,131,0
131,0,2,-5,130,-1
130,-1,2,-5,128,-2
128,-2,2,-5,125,-3
125,-3,0,0,0,0
52,3,2,-5,54,2
54,2,0,0,56,2
56,2,2,-5,57,1
57,1,1,-5,59,2
59,2,0,0,61,2
61,2,1,-5,64,3
64,3,2,-5,66,2
66,2,0,0,68,2
68,2,1,-5,71,3
71,3,2,-5,73,2
73,2,2,-5,74,1
74,1,0,0,75,1
75,1,1,-5,0,0
68,2,1,-5,71,3
71,3,0,0,74,3
74,3,2,-5,0,0
-92,2,0,0,-90,2
-90,2,0,0,-88,2
-88,2,1,-5,-85,3
-85,3,2,-5,-83,2
-83,2,0,0,-81,2
-81,2,1,-5,-78,3
-78,3,1,-5,-74,4
-74,4,0,0,-70,4
-70,4,0,0,-66,4
-66,4,2,-5,-63,3
-63,3,0,0,-60,3
-60,3,2,-5,-58,2
-58,2,2,-5,-57,1
-57,1,2,-5,-57,0
-57,0,2,-5,-58,-1
-58,-1,1,-5,-58,0
-58,0,0,0,-58,0
-58,0,2,-5,-59,-1
-59,-1,2,-5,0,0
64,-2,1,-5,63,-1
63,-1,1,-5,63,0
63,0,0,0,63,0
63,0,2,-5,62,-1
62,-1,0,0,61,-1
61,-1,0,0,60,-1
60,-1,0,0,59,-1
59,-1,0,0,58,-1
58,-1,1,-5,58,0
58,0,1,-5,59,1
59,1,0,0,60,1
60,1,0,0,61,1
61,1,2,-5,61,0
61,0,2,-5,60,-1
60,-1,2,-5,58,-2
58,-2,2,-5,55,-3
55,-3,2,-5,51,-4
51,-4,2,-5,46,-5
46,-5,2,-5,40,-6
40,-6,0,0,34,-6
34,-6,1,-5,29,-5
29,-5,2,-5,23,-6
23,-6,1,-5,18,-5
18,-5,2,-5,12,-6
12,-6,1,-5,7,-5
7,-5,0,0,2,-5
2,-5,2,-5,-4,-6
-4,-6,2,-5,-11,-7
-11,-7,0,0,-18,-7
-18,-7,0,0,-25,-7
-25,-7,1,-5,-31,-6
-31,-6,2,-5,-38,-7
-38,-7,1,-5,-44,-6
-44,-6,1,-5,-49,-5
-49,-5,2,-5,-55,-6
-55,-6,0,0,-61,-6
-61,-6,1,-5,-66,-5
-66,-5,0,0,-71,-5
-71,-5,1,-5,-75,-4
-75,-4,1,-5,-78,-3
-78,-3,1,-5,-80,-2
-80,-2,1,-5,-81,-1
-81,-1,1,-5,-81,0
-81,0,0,0,-81,0
-81,0,1,-5,-80,1
-80,1,1,-5,-78,2
-78,2,2,-5,-77,1
-77,1,2,-5,-77,0
-77,0,1,-5,-76,1
-76,1,0,0,-75,1
-75,1,2,-5,-75,0
-75,0,1,-5,-74,1
-74,1,2,-5,-74,0
-74,0,0,0,-74,0
-74,0,2,-5,-75,-1
-75,-1,1,-5,-75,0
-75,0,1,-5,-74,1
-74,1,1,-5,-72,2
-72,2,0,0,-70,2
-70,2,0,0,-68,2
-68,2,0,0,-66,2
-66,2,1,-5,-63,3
-63,3,0,0,-60,3
-60,3,0,0,-57,3
-57,3,1,-5,-53,4
-53,4,0,0,-49,4
-49,4,2,-5,-46,3
-46,3,1,-5,-42,4
-42,4,1,-5,-37,5
-37,5,2,-5,-33,4
-33,4,2,-5,-30,3
-30,3,1,-5,-26,4
-26,4,2,-5,-23,3
-23,3,1,-5,-19,4
-19,4,2,-5,-16,3
-16,3,1,-5,-12,4
55,-1,0,0,54,-1
54,-1,0,0,53,-1
53,-1,0,0,52,-1
52,-1,2,-5,50,-2
50,-2,2,-5,47,-3
47,-3,1,-5,45,-2
45,-2,1,-5,44,-1
44,-1,2,-5,42,-2
42,-2,0,0,40,-2
40,-2,2,-5,37,-3
37,-3,2,-5,33,-4
33,-4,1,-5,30,-3
30,-3,0,0,27,-3
27,-3,0,0,24,-3
24,-3,0,0,21,-3
21,-3,1,-5,19,-2
19,-2,0,0,17,-2
17,-2,2,-5,14,-3
14,-3,1,-5,12,-2
12,-2,1,-5,11,-1
11,-1,2,-5,9,-2
9,-2,0,0,7,-2
7,-2,1,-5,6,-1
6,-1,0,0,5,-1
5,-1,2,-5,3,-2
3,-2,1,-5,2,-1
2,-1,0,0,1,-1
1,-1,0,0,0,-1
0,-1,2,-5,-2,-2
-2,-2,1,-5,-3,-1
-3,-1,0,0,-4,-1
-4,-1,2,-5,-6,-2
-6,-2,2,-5,-9,-3
-9,-3,1,-5,-11,-2
-11,-2,2,-5,-14,-3
-14,-3,2,-5,-18,-4
-18,-4,1,-5,-21,-3
-21,-3,2,-5,-25,-4
-25,-4,1,-5,-28,-3
-28,-3,1,-5,-30,-2
-30,-2,0,0,-32,-2
-32,-2,1,-5,-33,-1
-33,-1,2,-5,-35,-2
-35,-2,0,0,-37,-2
-37,-2,1,-5,-38,-1
-38,-1,2,-5,-40,-2
-40,-2,2,-5,-43,-3
-43,-3,0,0,-46,-3
-46,-3,2,-5,-50,-4
-50,-4,1,-5,-53,-3
-53,-3,2,-5,-57,-4
-57,-4,1,-5,-60,-3
-60,-3,1,-5,-62,-2
-62,-2,2,-5,-65,-3
-65,-3,1,-5,-67,-2
-67,-2,0,0,-69,-2
-69,-2,2,-5,-72,-3
-72,-3,0,0,-75,-3
-75,-3,2,-5,-79,-4
-79,-4,0,0,-83,-4
-83,-4,2,-5,-88,-5
-88,-5,0,0,-93,-5
-93,-5,0,0,-98,-5
-98,-5,0,0,0,0
-4,3,2,-5,-2,2
-2,2,0,0,0,2
0,2,2,-5,1,1
1,1,0,0,2,1
2,1,2,-5,2,0
2,0,1,-5,3,1
3,1,0,0,4,1
4,1,0,0,5,1
5,1,0,0,6,1
6,1,1,-5,8,2
8,2,0,0,10,2
10,2,1,-5,13,3
13,3,1,-5,17,4
17,4,1,-5,22,5
22,5,0,0,27,5
27,5,2,-5,31,4
31,4,0,0,0,0
68,1,2,-5,68,0
68,0,2,-5,67,-1
67,-1,0,0,66,-1
66,-1,2,-5,64,-2
64,-2,0,0,62,-2
62,-2,0,0,60,-2
60,-2,2,-5,57,-3
57,-3,0,0,54,-3
54,-3,1,-5,52,-2
52,-2,2,-5,49,-3
49,-3,2,-5,45,-4
45,-4,0,0,41,-4
41,-4,2,-5,0,0
153,3,2,-5,155,2
155,2,0,0,157,2
157,2,1,-5,160,3
160,3,2,-5,162,2
162,2,2,-5,163,1
163,1,0,0,164,1
164,1,1,-5,166,2
166,2,2,-5,167,1
167,1,0,0,168,1
168,1,0,0,169,1
169,1,1,-5,171,2
171,2,1,-5,0,0
-89,4,2,-5,-86,3
-86,3,0,0,-83,3
-83,3,1,-5,-79,4
-79,4,1,-5,-74,5
-74,5,2,-5,-70,4
-70,4,1,-5,-65,5
-65,5,2,-5,-61,4
-61,4,1,-5,-56,5
-56,5,2,-5,-52,4
-52,4,2,-5,-49,3
-49,3,1,-5,-45,4
-45,4,2,-5,-42,3
-42,3,2,-5,-40,2
-40,2,2,-5,-39,1
-39,1,1,-5,-37,2
-37,2,2,-5,-36,1
-36,1,0,0,-35,1
-35,1,0,0,-34,1
-34,1,0,0,-33,1
-33,1,2,-5,-33,0
-33,0,1,-5,-32,1
-32,1,2,-5,-32,0
-32,0,2,-5,-33,-1
-33,-1,2,-5,-35,-2
-35,-2,1,-5,-36,-1
-36,-1,0,0,-37,-1
-37,-1,0,0,-38,-1
-38,-1,1,-5,-38,0
-38,0,2,-5,-39,-1
-39,-1,1,-5,-39,0
-39,0,0,0,-39,0
-39,0,1,-5,-38,1
-38,1,0,0,-37,1
-37,1,1,-5,-35,2
-35,2,2,-5,-34,1
-34,1,1,-5,-32,2
-32,2,2,-5,-31,1
-31,1,0,0,-30,1
-30,1,2,-5,-30,0
-30,0,2,-5,0,0
55,-1,1,-5,55,0
55,0,2,-5,54,-1
54,-1,1,-5,54,0
54,0,1,-5,55,1
55,1,2,-5,55,0
55,0,1,-5,56,1
56,1,2,-5,56,0
56,0,0,0,56,0
56,0,1,-5,57,1
57,1,1,-5,59,2
59,2,0,0,61,2
61,2,1,-5,64,3
64,3,1,-5,68,4
68,4,2,-5,71,3
71,3,2,-5,73,2
73,2,0,0,75,2
75,2,1,-5,78,3
78,3,2,-5,80,2
80,2,0,0,82,2
82,2,0,0,84,2
84,2,1,-5,87,3
87,3,2,-5,89,2
89,2,1,-5,92,3
92,3,1,-5,96,4
96,4,0,0,0,0
33,-1,2,-5,31,-2
31,-2,2,-5,28,-3
28,-3,0,0,25,-3
25,-3,2,-5,21,-4
21,-4,0,0,17,-4
17,-4,1,-5,14,-3
14,-3,0,0,11,-3
11,-3,0,0,8,-3
8,-3,1,-5,6,-2
6,-2,0,0,4,-2
4,-2,2,-5,1,-3
1,-3,0,0,-2,-3
-2,-3,0,0,-5,-3
-5,-3,0,0,-8,-3
-8,-3,1,-5,-10,-2
-10,-2,1,-5,-11,-1
-11,-1,2,-5,-13,-2
-13,-2,2,-5,-16,-3
-16,-3,1,-5,-18,-2
-18,-2,0,0,-20,-2
-20,-2,2,-5,-23,-3
-23,-3,1,-5,-25,-2
-25,-2,2,-5,-28,-3
-28,-3,2,-5,-32,-4
-32,-4,1,-5,-35,-3
-35,-3,0,0,-38,-3
-38,-3,0,0,-41,-3
-41,-3,2,-5,-45,-4
-45,-4,1,-5,-48,-3
-48,-3,0,0,-51,-3
-51,-3,1,-5,-53,-2
-53,-2,0,0,-55,-2
-55,-2,2,-5,-58,-3
-58,-3,1,-5,-60,-2
-60,-2,1,-5,-61,-1
-61,-1,2,-5,-63,-2
-63,-2,0,0,-65,-2
-65,-2,2,-5,-68,-3
-68,-3,0,0,-71,-3
-71,-3,2,-5,-75,-4
-75,-4,1,-5,-78,-3
-78,-3,0,0,-81,-3
-81,-3,2,-5,-85,-4
-85,-4,2,-5,-90,-5
-90,-5,2,-5,-96,-6
-96,-6,1,-5,-101,-5
-101,-5,2,-5,-107,-6
-107,-6,2,-5,-114,-7
-114,-7,2,-5,-122,-8
-122,-8,1,-5,0,0
-54,1,2,-5,-54,0
-54,0,0,0,-54,0
-54,0,2,-5,-55,-1
-55,-1,1,-5,-55,0
-55,0,0,0,-55,0
-55,0,0,0,-55,0
-55,0,0,0,-55,0
-55,0,1,-5,-54,1
-54,1,2,-5,-54,0
-54,0,2,-5,-55,-1
-55,-1,2,-5,-57,-2
-57,-2,1,-5,-58,-1
-58,-1,1,-5,-58,0
-58,0,0,0,-58,0
-58,0,1,-5,-57,1
-57,1,1,-5,-55,2
-55,2,1,-5,-52,3
-52,3,0,0,-49,3
-49,3,2,-5,-47,2
-47,2,0,0,-45,2
-45,2,2,-5,-44,1
-44,1,2,-5,-44,0
-44,0,1,-5,-43,1
-43,1,2,-5,-43,0
-43,0,0,0,-43,0
-43,0,0,0,-43,0
-43,0,0,0,-43,0
-43,0,1,-5,-42,1
-42,1,2,-5,-42,0
-42,0,0,0,-42,0
-42,0,0,0,-42,0
-42,0,1,-5,-41,1
-41,1,2,-5,-41,0
-41,0,0,0,-41,0
-41,0,2,-5,-42,-1
-42,-1,2,-5,-44,-2
-44,-2,2,-5,-47,-3
-47,-3,1,-5,-49,-2
-49,-2,0,0,-51,-2
-51,-2,2,-5,-54,-3
-54,-3,1,-5,-56,-2
-56,-2,1,-5,-57,-1
-57,-1,2,-5,-59,-2
-59,-2,2,-5,-62,-3
-62,-3,2,-5,-66,-4
-66,-4,2,-5,-71,-5
-71,-5,1,-5,-75,-4
-75,-4,2,-5,-80,-5
-80,-5,0,0,-85,-5
-85,-5,1,-5,-89,-4
-89,-4,2,-5,-94,-5
-94,-5,0,0,-99,-5
-99,-5,2,-5,-105,-6
-105,-6,0,0,0,0
93,2,1,-5,96,3
96,3,2,-5,98,2
98,2,0,0,100,2
100,2,1,-5,103,3
103,3,1,-5,107,4
107,4,1,-5,112,5
112,5,2,-5,116,4
116,4,0,0,120,4
120,4,2,-5,123,3
123,3,0,0,126,3
126,3,1,-5,130,4
130,4,0,0,134,4
134,4,2,-5,137,3
137,3,2,-5,139,2
139,2,1,-5,142,3
142,3,0,0,145,3
145,3,2,-5,147,2
147,2,0,0,149,2
149,2,2,-5,150,1
150,1,1,-5,152,2
152,2,1,-5,155,3
155,3,1,-5,159,4
159,4,1,-5,0,0
47,0,1,-5,48,1
48,1,0,0,49,1
49,1,0,0,50,1
50,1,0,0,51,1
51,1,0,0,52,1
52,1,0,0,53,1
53,1,2,-5,53,0
53,0,1,-5,54,1
54,1,2,-5,54,0
54,0,1,-5,55,1
55,1,1,-5,57,2
57,2,2,-5,58,1
58,1,0,0,59,1
59,1,1,-5,61,2
61,2,1,-5,64,3
64,3,1,-5,68,4
68,4,0,0,72,4
72,4,0,0,76,4
76,4,0,0,80,4
80,4,0,0,84,4
84,4,2,-5,87,3
87,3,2,-5,89,2
89,2,0,0,91,2
91,2,2,-5,92,1
92,1,0,0,93,1
93,1,0,0,94,1
94,1,0,0,95,1
95,1,2,-5,95,0
95,0,0,0,95,0
95,0,2,-5,94,-1
94,-1,0,0,93,-1
93,-1,0,0,92,-1
92,-1,1,-5,92,0
92,0,0,0,92,0
92,0,1,-5,93,1
93,1,2,-5,93,0
93,0,1,-5,94,1
94,1,2,-5,94,0
94,0,2,-5,93,-1
93,-1,2,-5,91,-2
91,-2,0,0,89,-2
89,-2,1,-5,88,-1
88,-1,2,-5,86,-2
86,-2,2,-5,83,-3
83,-3,1,-5,81,-2
81,-2,0,0,79,-2
79,-2,2,-5,76,-3
76,-3,2,-5,72,-4
72,-4,0,0,68,-4
68,-4,0,0,64,-4
64,-4,0,0,60,-4
60,-4,1,-5,57,-3
57,-3,0,0,54,-3
-34,-3,2,-5,-38,-4
-38,-4,2,-5,-43,-5
-43,-5,0,0,-48,-5
-48,-5,2,-5,-54,-6
-54,-6,0,0,-60,-6
-60,-6,2,-5,-67,-7
-67,-7,1,-5,-73,-6
-73,-6,1,-5,-78,-5
-78,-5,1,-5,-82,-4
-82,-4,2,-5,-87,-5
-87,-5,2,-5,-93,-6
-93,-6,2,-5,-100,-7
-100,-7,1,-5,-106,-6
-106,-6,1,-5,-111,-5
-111,-5,2,-5,-117,-6
-117,-6,2,-5,-124,-7
-124,-7,2,-5,-132,-8
-132,-8,1,-5,-139,-7
-139,-7,0,0,-146,-7
-146,-7,2,-5,-154,-8
-154,-8,2,-5,0,0
-4,1,2,-5,-4,0
-4,0,0,0,-4,0
-4,0,1,-5,-3,1
-3,1,2,-5,-3,0
-3,0,2,-5,-4,-1
-4,-1,1,-5,-4,0
-4,0,2,-5,-5,-1
-5,-1,1,-5,-5,0
-5,0,1,-5,-4,1
-4,1,1,-5,-2,2
-2,2,2,-5,-1,1
-1,1,2,-5,-1,0
-1,0,1,-5,0,1
0,1,1,-5,2,2
2,2,0,0,4,2
4,2,0,0,6,2
6,2,1,-5,9,3
9,3,1,-5,13,4
13,4,0,0,17,4
17,4,1,-5,22,5
22,5,0,0,27,5
27,5,0,0,32,5
32,5,1,-5,38,6
38,6,0,0,44,6
44,6,0,0,50,6
50,6,0,0,0,0
-79,3,0,0,-76,3
-76,3,1,-5,-72,4
-72,4,0,0,-68,4
-68,4,0,0,-64,4
-64,4,1,-5,-59,5
-59,5,2,-5,-55,4
-55,4,1,-5,-50,5
-50,5,2,-5,-46,4
-46,4,1,-5,-41,5
-41,5,2,-5,-37,4
-37,4,1,-5,-32,5
-32,5,0,0,-27,5
-27,5,0,0,-22,5
-22,5,1,-5,-16,6
-16,6,1,-5,-9,7
-9,7,0,0,-2,7
-2,7,1,-5,6,8
6,8,0,0,14,8
14,8,2,-5,21,7
21,7,2,-5,27,6
27,6,1,-5,34,7
34,7,1,-5,42,8
42,8,1,-5,51,9
51,9,2,-5,59,8
59,8,0,0,67,8
67,8,2,-5,74,7
74,7,1,-5,82,8
82,8,1,-5,91,9
91,9,1,-5,101,10
101,10,0,0,111,10
111,10,0,0,121,10
121,10,2,-5,130,9
130,9,2,-5,138,8
138,8,2,-5,145,7
145,7,1,-5,153,8
153,8,1,-5,162,9
162,9,2,-5,170,8
170,8,2,-5,177,7
177,7,2,-5,183,6
183,6,0,0,189,6
189,6,2,-5,194,5
194,5,0,0,0,0
150,-2,2,-5,147,-3
147,-3,2,-5,143,-4
143,-4,0,0,139,-4
139,-4,0,0,135,-4
135,-4,1,-5,132,-3
132,-3,1,-5,130,-2
130,-2,0,0,128,-2
128,-2,2,-5,125,-3
125,-3,0,0,122,-3
122,-3,2,-5,118,-4
118,-4,1,-5,115,-3
115,-3,2,-5,111,-4
111,-4,0,0,107,-4
107,-4,1,-5,104,-3
104,-3,0,0,101,-3
101,-3,0,0,98,-3
98,-3,1,-5,96,-2
96,-2,2,-5,93,-3
93,-3,1,-5,91,-2
91,-2,0,0,89,-2
89,-2,1,-5,88,-1
88,-1,0,0,87,-1
87,-1,0,0,86,-1
86,-1,1,-5,86,0
86,0,1,-5,87,1
87,1,1,-5,89,2
89,2,0,0,91,2
91,2,2,-5,92,1
92,1,1,-5,0,0
-10,-2,2,-5,-13,-3
-13,-3,1,-5,-15,-2
-15,-2,1,-5,-16,-1
-16,-1,0,0,-17,-1
-17,-1,1,-5,-17,0
-17,0,1,-5,-16,1
-16,1,1,-5,-14,2
-14,2,2,-5,-13,1
-13,1,2,-5,-13,0
-13,0,0,0,-13,0
-13,0,2,-5,-14,-1
-14,-1,0,0,-15,-1
-15,-1,1,-5,-15,0
-15,0,0,0,-15,0
-15,0,1,-5,-14,1
-14,1,1,-5,-12,2
-12,2,1,-5,-9,3
-9,3,1,-5,-5,4
-5,4,1,-5,0,5
0,5,2,-5,4,4
4,4,2,-5,7,3
7,3,0,0,10,3
10,3,0,0,13,3
13,3,0,0,16,3
16,3,2,-5,18,2
18,2,2,-5,19,1
19,1,0,0,20,1
20,1,1,-5,22,2
22,2,2,-5,23,1
23,1,1,-5,25,2
25,2,1,-5,28,3
28,3,1,-5,32,4
32,4,0,0,36,4
36,4,1,-5,41,5
41,5,0,0,46,5
46,5,2,-5,50,4
50,4,1,-5,55,5
55,5,2,-5,0,0
130,-3,1,-5,128,-2
128,-2,0,0,126,-2
126,-2,0,0,124,-2
124,-2,2,-5,121,-3
121,-3,1,-5,119,-2
119,-2,1,-5,118,-1
118,-1,2,-5,116,-2
116,-2,1,-5,115,-1
115,-1,0,0,114,-1
114,-1,2,-5,112,-2
112,-2,2,-5,109,-3
109,-3,0,0,106,-3
106,-3,0,0,103,-3
103,-3,0,0,100,-3
100,-3,2,-5,96,-4
96,-4,2,-5,91,-5
91,-5,1,-5,87,-4
87,-4,1,-5,84,-3
84,-3,2,-5,80,-4
80,-4,2,-5,75,-5
75,-5,2,-5,69,-6
69,-6,0,0,63,-6
63,-6,1,-5,58,-5
58,-5,0,0,53,-5
53,-5,1,-5,49,-4
49,-4,1,-5,46,-3
46,-3,2,-5,42,-4
42,-4,0,0,38,-4
38,-4,0,0,34,-4
34,-4,2,-5,29,-5
29,-5,1,-5,25,-4
25,-4,2,-5,20,-5
20,-5,0,0,15,-5
15,-5,0,0,10,-5
10,-5,1,-5,6,-4
6,-4,2,-5,1,-5
1,-5,2,-5,-5,-6
-5,-6,2,-5,-12,-7
-12,-7,1,-5,-18,-6
-18,-6,0,0,-24,-6
-24,-6,2,-5,-31,-7
-31,-7,0,0,-38,-7
-38,-7,0,0,-45,-7
-45,-7,1,-5,-51,-6
-51,-6,1,-5,-56,-5
-56,-5,1,-5,-60,-4
-60,-4,1,-5,-63,-3
-63,-3,1,-5,-65,-2
-65,-2,0,0,-67,-2
-67,-2,2,-5,-70,-3
-70,-3,2,-5,0,0
40,-3,2,-5,36,-4
36,-4,1,-5,33,-3
33,-3,1,-5,31,-2
31,-2,0,0,29,-2
29,-2,2,-5,26,-3
26,-3,2,-5,22,-4
22,-4,1,-5,19,-3
19,-3,1,-5,17,-2
17,-2,0,0,15,-2
15,-2,1,-5,14,-1
14,-1,2,-5,12,-2
12,-2,2,-5,9,-3
9,-3,2,-5,5,-4
5,-4,0,0,1,-4
1,-4,2,-5,-4,-5
-4,-5,0,0,-9,-5
-9,-5,1,-5,-13,-4
-13,-4,2,-5,-18,-5
-18,-5,2,-5,-24,-6
-24,-6,1,-5,-29,-5
-29,-5,0,0,-34,-5
-34,-5,0,0,-39,-5
-39,-5,1,-5,-43,-4
-43,-4,1,-5,-46,-3
-46,-3,0,0,-49,-3
-49,-3,2,-5,-53,-4
-53,-4,1,-5,-56,-3
-56,-3,1,-5,-58,-2
-58,-2,2,-5,-61,-3
-61,-3,1,-5,-63,-2
-63,-2,1,-5,-64,-1
-64,-1,1,-5,-64,0
-64,0,0,0,-64,0
-64,0,1,-5,-63,1
-63,1,2,-5,-63,0
-63,0,2,-5,-64,-1
-64,-1,1,-5,-64,0
-64,0,1,-5,-63,1
-63,1,0,0,-62,1
-62,1,1,-5,-60,2
-60,2,1,-5,-57,3
-57,3,1,-5,-53,4
-53,4,0,0,-49,4
-49,4,2,-5,-46,3
-46,3,0,0,-43,3
-43,3,0,0,-40,3
-40,3,1,-5,-36,4
-36,4,1,-5,-31,5
-31,5,0,0,-26,5
-26,5,0,0,-21,5
-21,5,2,-5,-17,4
-17,4,1,-5,-12,5
-12,5,1,-5,-6,6
-6,6,0,0,0,6
84,-3,1,-5,82,-2
82,-2,0,0,80,-2
80,-2,2,-5,77,-3
77,-3,2,-5,73,-4
73,-4,1,-5,70,-3
70,-3,0,0,67,-3
67,-3,1,-5,65,-2
65,-2,0,0,63,-2
63,-2,1,-5,62,-1
62,-1,2,-5,60,-2
60,-2,0,0,58,-2
58,-2,0,0,56,-2
56,-2,1,-5,55,-1
55,-1,0,0,54,-1
54,-1,0,0,53,-1
53,-1,2,-5,51,-2
51,-2,0,0,49,-2
49,-2,0,0,47,-2
47,-2,0,0,45,-2
45,-2,1,-5,44,-1
44,-1,1,-5,44,0
44,0,2,-5,43,-1
43,-1,0,0,42,-1
42,-1,2,-5,40,-2
40,-2,1,-5,39,-1
39,-1,1,-5,39,0
39,0,1,-5,40,1
40,1,2,-5,40,0
40,0,2,-5,0,0
-52,-3,1,-5,-54,-2
-54,-2,0,0,-56,-2
-56,-2,1,-5,-57,-1
-57,-1,1,-5,-57,0
-57,0,2,-5,-58,-1
-58,-1,1,-5,0,0
65,-3,1,-5,63,-2
63,-2,1,-5,62,-1
62,-1,0,0,61,-1
61,-1,1,-5,61,0
61,0,1,-5,62,1
62,1,2,-5,62,0
62,0,2,-5,61,-1
61,-1,0,0,60,-1
60,-1,2,-5,58,-2
58,-2,0,0,56,-2
56,-2,0,0,54,-2
54,-2,0,0,52,-2
52,-2,2,-5,49,-3
49,-3,1,-5,47,-2
47,-2,0,0,45,-2
45,-2,0,0,43,-2
43,-2,1,-5,42,-1
42,-1,0,0,41,-1
41,-1,1,-5,41,0
41,0,0,0,41,0
41,0,0,0,41,0
41,0,1,-5,42,1
42,1,0,0,43,1
43,1,0,0,44,1
44,1,2,-5,44,0
44,0,0,0,0,0
56,3,2,-5,58,2
58,2,2,-5,59,1
59,1,0,0,60,1
60,1,1,-5,62,2
62,2,1,-5,65,3
65,3,0,0,68,3
68,3,0,0,71,3
71,3,2,-5,73,2
73,2,1,-5,76,3
76,3,1,-5,80,4
80,4,0,0,84,4
84,4,2,-5,87,3
87,3,0,0,90,3
90,3,1,-5,94,4
94,4,1,-5,99,5
99,5,1,-5,105,6
105,6,0,0,111,6
111,6,1,-5,118,7
118,7,1,-5,0,0
-72,-4,0,0,-76,-4
-76,-4,0,0,-80,-4
-80,-4,0,0,-84,-4
-84,-4,2,-5,-89,-5
-89,-5,1,-5,-93,-4
-93,-4,2,-5,-98,-5
-98,-5,0,0,-103,-5
-103,-5,1,-5,-107,-4
-107,-4,2,-5,-112,-5
-112,-5,2,-5,-118,-6
-118,-6,1,-5,-123,-5
-123,-5,0,0,-128,-5
-128,-5,1,-5,-132,-4
-132,-4,2,-5,-137,-5
-137,-5,1,-5,-141,-4
-141,-4,2,-5,-146,-5
-146,-5,1,-5,-150,-4
-150,-4,0,0,-154,-4
-154,-4,1,-5,-157,-3
-157,-3,2,-5,-161,-4
-161,-4,2,-5,-166,-5
-166,-5,2,-5,-172,-6
-172,-6,2,-5,0,0
123,4,1,-5,128,5
128,5,2,-5,132,4
132,4,1,-5,137,5
137,5,2,-5,141,4
141,4,0,0,145,4
145,4,0,0,149,4
149,4,1,-5,0,0
-16,-3,1,-5,-18,-2
-18,-2,2,-5,-21,-3
-21,-3,2,-5,-25,-4
-25,-4,2,-5,-30,-5
-30,-5,2,-5,-36,-6
-36,-6,0,0,-42,-6
-42,-6,0,0,-48,-6
-48,-6,2,-5,-55,-7
-55,-7,2,-5,-63,-8
-63,-8,0,0,-71,-8
-71,-8,0,0,-79,-8
-79,-8,2,-5,-88,-9
-88,-9,0,0,-97,-9
-97,-9,0,0,-106,-9
-106,-9,1,-5,0,0
-115,3,2,-5,0,0
-51,3,1,-5,-47,4
-47,4,2,-5,-44,3
-44,3,1,-5,-40,4
-40,4,2,-5,-37,3
-37,3,2,-5,-35,2
-35,2,1,-5,-32,3
-32,3,2,-5,-30,2
-30,2,0,0,-28,2
-28,2,2,-5,-27,1
-27,1,0,0,-26,1
-26,1,1,-5,-24,2
-24,2,2,-5,-23,1
-23,1,0,0,-22,1
-22,1,0,0,-21,1
-21,1,1,-5,-19,2
-19,2,2,-5,-18,1
-18,1,1,-5,-16,2
-16,2,2,-5,-15,1
-15,1,1,-5,-13,2
-13,2,2,-5,-12,1
-12,1,2,-5,-12,0
-12,0,2,-5,0,0
-171,-3,2,-5,-175,-4
-175,-4,2,-5,-180,-5
-180,-5,2,-5,0,0
-76,2,0,0,-74,2
-74,2,1,-5,-71,3
-71,3,2,-5,-69,2
-69,2,2,-5,-68,1
-68,1,1,-5,-66,2
-66,2,2,-5,-65,1
-65,1,0,0,-64,1
-64,1,0,0,-63,1
-63,1,2,-5,-63,0
-63,0,2,-5,0,0
64,1,0,0,65,1
65,1,1,-5,67,2
67,2,0,0,69,2
69,2,1,-5,72,3
72,3,1,-5,76,4
76,4,2,-5,79,3
79,3,2,-5,81,2
81,2,0,0,83,2
83,2,2,-5,84,1
84,1,2,-5,84,0
84,0,1,-5,85,1
85,1,2,-5,85,0
85,0,0,0,85,0
85,0,0,0,85,0
85,0,1,-5,86,1
86,1,1,-5,88,2
88,2,2,-5,89,1
89,1,1,-5,91,2
91,2,1,-5,94,3
94,3,0,0,97,3
97,3,2,-5,99,2
99,2,2,-5,100,1
100,1,1,-5,102,2
102,2,2,-5,103,1
103,1,2,-5,103,0
103,0,0,0,103,0
103,0,1,-5,104,1
104,1,1,-5,106,2
106,2,0,0,108,2
108,2,0,0,110,2
110,2,0,0,112,2
112,2,0,0,114,2
114,2,2,-5,115,1
115,1,1,-5,117,2
117,2,0,0,0,0
-89,-1,1,-5,-89,0
-89,0,0,0,-89,0
-89,0,1,-5,-88,1
-88,1,0,0,-87,1
-87,1,0,0,-86,1
-86,1,1,-5,-84,2
-84,2,1,-5,-81,3
-81,3,0,0,-78,3
-78,3,1,-5,-74,4
-74,4,2,-5,-71,3
-71,3,2,-5,-69,2
-69,2,1,-5,-66,3
-66,3,2,-5,-64,2
-64,2,2,-5,-63,1
-63,1,2,-5,-63,0
-63,0,1,-5,-62,1
-62,1,1,-5,-60,2
-60,2,0,0,-58,2
-58,2,1,-5,-55,3
-55,3,2,-5,-53,2
-53,2,0,0,-51,2
-51,2,1,-5,-48,3
-48,3,2,-5,-46,2
-46,2,1,-5,-43,3
-43,3,2,-5,-41,2
-41,2,1,-5,-38,3
-38,3,1,-5,-34,4
-34,4,0,0,-30,4
-30,4,1,-5,-25,5
-25,5,2,-5,-21,4
-21,4,1,-5,-16,5
-16,5,2,-5,-12,4
-12,4,0,0,-8,4
-8,4,1,-5,-3,5
-3,5,0,0,2,5
2,5,0,0,7,5
7,5,2,-5,11,4
11,4,0,0,15,4
15,4,2,-5,18,3
18,3,1,-5,22,4
22,4,0,0,26,4
26,4,0,0,30,4
30,4,2,-5,33,3
33,3,0,0,36,3
36,3,2,-5,0,0
-57,-4,1,-5,-60,-3
-60,-3,2,-5,-64,-4
-64,-4,0,0,-68,-4
-68,-4,2,-5,-73,-5
-73,-5,1,-5,-77,-4
-77,-4,0,0,-81,-4
-81,-4,2,-5,-86,-5
-86,-5,1,-5,-90,-4
-90,-4,2,-5,-95,-5
-95,-5,1,-5,-99,-4
-99,-4,0,0,-103,-4
-103,-4,1,-5,-106,-3
-106,-3,0,0,-109,-3
-109,-3,2,-5,-113,-4
-113,-4,1,-5,-116,-3
-116,-3,0,0,-119,-3
-119,-3,0,0,-122,-3
-122,-3,2,-5,-126,-4
-126,-4,0,0,-130,-4
-130,-4,0,0,-134,-4
-134,-4,1,-5,0,0
-24,2,1,-5,-21,3
-21,3,0,0,-18,3
-18,3,0,0,-15,3
-15,3,1,-5,-11,4
-11,4,0,0,-7,4
-7,4,2,-5,-4,3
-4,3,1,-5,0,4
0,4,1,-5,5,5
5,5,2,-5,9,4
9,4,1,-5,14,5
14,5,1,-5,20,6
20,6,2,-5,25,5
25,5,2,-5,29,4
29,4,0,0,33,4
33,4,2,-5,36,3
36,3,2,-5,38,2
38,2,2,-5,39,1
39,1,0,0,40,1
40,1,1,-5,42,2
42,2,2,-5,43,1
43,1,1,-5,45,2
45,2,2,-5,46,1
46,1,2,-5,46,0
46,0,0,0,46,0
46,0,0,0,46,0
46,0,0,0,46,0
46,0,0,0,46,0
46,0,2,-5,45,-1
45,-1,0,0,44,-1
44,-1,0,0,43,-1
43,-1,0,0,42,-1
42,-1,0,0,41,-1
41,-1,0,0,40,-1
40,-1,1,-5,40,0
40,0,0,0,40,0
40,0,0,0,40,0
40,0,1,-5,41,1
41,1,0,0,42,1
42,1,0,0,43,1
43,1,1,-5,45,2
45,2,1,-5,48,3
48,3,2,-5,50,2
50,2,2,-5,51,1
51,1,1,-5,53,2
53,2,2,-5,54,1
54,1,2,-5,54,0
54,0,0,0,54,0
54,0,2,-5,53,-1
53,-1,1,-5,53,0
53,0,0,0,53,0
53,0,1,-5,54,1
-46,-3,0,0,-49,-3
-49,-3,0,0,-52,-3
-52,-3,2,-5,-56,-4
-56,-4,2,-5,-61,-5
-61,-5,1,-5,-65,-4
-65,-4,0,0,-69,-4
-69,-4,0,0,-73,-4
-73,-4,0,0,-77,-4
-77,-4,0,0,-81,-4
-81,-4,0,0,-85,-4
-85,-4,2,-5,-90,-5
-90,-5,0,0,-95,-5
-95,-5,2,-5,-101,-6
-101,-6,2,-5,-108,-7
-108,-7,2,-5,-116,-8
-116,-8,1,-5,-123,-7
-123,-7,0,0,-130,-7
-130,-7,1,-5,-136,-6
-136,-6,0,0,0,0
35,-1,0,0,34,-1
34,-1,0,0,33,-1
33,-1,0,0,32,-1
32,-1,1,-5,32,0
32,0,2,-5,31,-1
31,-1,0,0,30,-1
30,-1,0,0,29,-1
29,-1,0,0,28,-1
28,-1,1,-5,28,0
28,0,1,-5,29,1
29,1,0,0,30,1
30,1,0,0,31,1
31,1,1,-5,33,2
33,2,0,0,35,2
35,2,0,0,37,2
37,2,2,-5,38,1
38,1,1,-5,40,2
40,2,1,-5,43,3
43,3,0,0,46,3
46,3,1,-5,50,4
50,4,1,-5,55,5
55,5,1,-5,61,6
61,6,1,-5,68,7
68,7,1,-5,76,8
76,8,0,0,84,8
84,8,2,-5,91,7
91,7,1,-5,99,8
99,8,2,-5,106,7
106,7,1,-5,114,8
114,8,1,-5,0,0
50,3,1,-5,54,4
54,4,2,-5,57,3
57,3,1,-5,61,4
61,4,2,-5,64,3
64,3,2,-5,66,2
66,2,2,-5,67,1
67,1,0,0,68,1
68,1,2,-5,68,0
68,0,1,-5,69,1
69,1,2,-5,69,0
69,0,2,-5,68,-1
68,-1,1,-5,68,0
68,0,0,0,68,0
68,0,0,0,68,0
68,0,2,-5,67,-1
67,-1,0,0,66,-1
66,-1,1,-5,66,0
66,0,1,-5,67,1
67,1,0,0,68,1
68,1,2,-5,68,0
68,0,2,-5,0,0
139,-3,1,-5,137,-2
137,-2,2,-5,134,-3
134,-3,0,0,131,-3
131,-3,0,0,128,-3
128,-3,0,0,125,-3
125,-3,2,-5,121,-4
121,-4,0,0,117,-4
117,-4,0,0,113,-4
113,-4,1,-5,110,-3
110,-3,2,-5,106,-4
106,-4,0,0,102,-4
102,-4,0,0,98,-4
98,-4,2,-5,93,-5
93,-5,1,-5,89,-4
89,-4,2,-5,84,-5
84,-5,1,-5,80,-4
80,-4,0,0,76,-4
76,-4,1,-5,73,-3
73,-3,1,-5,71,-2
71,-2,2,-5,68,-3
68,-3,2,-5,64,-4
64,-4,2,-5,59,-5
59,-5,0,0,54,-5
54,-5,2,-5,48,-6
48,-6,0,0,42,-6
42,-6,1,-5,37,-5
37,-5,2,-5,31,-6
31,-6,2,-5,24,-7
24,-7,0,0,17,-7
17,-7,1,-5,11,-6
11,-6,1,-5,6,-5
6,-5,1,-5,2,-4
2,-4,0,0,-2,-4
-2,-4,1,-5,-5,-3
-5,-3,0,0,-8,-3
-8,-3,2,-5,-12,-4
-12,-4,1,-5,-15,-3
-15,-3,1,-5,-17,-2
-17,-2,0,0,-19,-2
-19,-2,1,-5,-20,-1
-20,-1,1,-5,-20,0
-20,0,2,-5,-21,-1
-21,-1,2,-5,-23,-2
-23,-2,2,-5,-26,-3
-26,-3,1,-5,-28,-2
-28,-2,0,0,-30,-2
-30,-2,1,-5,-31,-1
-31,-1,1,-5,-31,0
-31,0,1,-5,-30,1
-30,1,2,-5,-30,0
-30,0,2,-5,-31,-1
-31,-1,1,-5,-31,0
-31,0,1,-5,-30,1
-30,1,0,0,-29,1
30,3,2,-5,32,2
32,2,2,-5,33,1
33,1,1,-5,35,2
35,2,2,-5,36,1
36,1,2,-5,36,0
36,0,1,-5,37,1
37,1,0,0,38,1
38,1,1,-5,40,2
40,2,0,0,42,2
42,2,1,-5,45,3
45,3,1,-5,49,4
49,4,2,-5,52,3
52,3,2,-5,54,2
54,2,1,-5,57,3
57,3,1,-5,61,4
61,4,2,-5,64,3
64,3,0,0,67,3
67,3,2,-5,69,2
69,2,0,0,71,2
71,2,2,-5,72,1
72,1,2,-5,72,0
72,0,0,0,0,0
-44,-3,0,0,-47,-3
-47,-3,0,0,-50,-3
-50,-3,1,-5,-52,-2
-52,-2,0,0,-54,-2
-54,-2,0,0,-56,-2
-56,-2,1,-5,-57,-1
-57,-1,1,-5,-57,0
-57,0,1,-5,-56,1
-56,1,1,-5,-54,2
-54,2,2,-5,-53,1
-53,1,2,-5,-53,0
-53,0,1,-5,-52,1
-52,1,1,-5,-50,2
-50,2,2,-5,-49,1
-49,1,0,0,-48,1
-48,1,1,-5,-46,2
-46,2,2,-5,-45,1
-45,1,2,-5,-45,0
-45,0,1,-5,-44,1
-44,1,1,-5,-42,2
-42,2,2,-5,-41,1
-41,1,0,0,-40,1
-40,1,0,0,-39,1
-39,1,2,-5,-39,0
-39,0,1,-5,-38,1
-38,1,1,-5,-36,2
-36,2,0,0,-34,2
-34,2,1,-5,-31,3
-31,3,0,0,-28,3
-28,3,2,-5,-26,2
-26,2,1,-5,-23,3
-23,3,0,0,-20,3
-20,3,2,-5,-18,2
-18,2,1,-5,-15,3
-15,3,1,-5,-11,4
-11,4,0,0,-7,4
-7,4,2,-5,-4,3
-4,3,2,-5,-2,2
-2,2,0,0,0,2
0,2,0,0,2,2
2,2,2,-5,3,1
3,1,1,-5,5,2
5,2,0,0,7,2
7,2,2,-5,8,1
8,1,2,-5,8,0
8,0,2,-5,7,-1
7,-1,1,-5,7,0
7,0,0,0,0,0
38,-1,1,-5,38,0
38,0,2,-5,37,-1
37,-1,2,-5,35,-2
35,-2,0,0,33,-2
33,-2,2,-5,30,-3
30,-3,0,0,27,-3
27,-3,1,-5,25,-2
25,-2,2,-5,22,-3
22,-3,2,-5,18,-4
18,-4,2,-5,13,-5
13,-5,2,-5,7,-6
7,-6,1,-5,2,-5
2,-5,1,-5,-2,-4
-2,-4,2,-5,-7,-5
-7,-5,2,-5,-13,-6
-13,-6,1,-5,-18,-5
-18,-5,2,-5,-24,-6
-24,-6,2,-5,-31,-7
-31,-7,0,0,-38,-7
-38,-7,0,0,-45,-7
-45,-7,1,-5,-51,-6
-51,-6,0,0,-57,-6
-57,-6,1,-5,-62,-5
-62,-5,2,-5,-68,-6
-68,-6,1,-5,-73,-5
-73,-5,2,-5,-79,-6
-79,-6,1,-5,-84,-5
-84,-5,1,-5,-88,-4
-88,-4,1,-5,-91,-3
-91,-3,1,-5,-93,-2
-93,-2,0,0,-95,-2
-95,-2,2,-5,-98,-3
-98,-3,2,-5,-102,-4
-102,-4,2,-5,-107,-5
-107,-5,1,-5,-111,-4
-111,-4,1,-5,-114,-3
-114,-3,2,-5,-118,-4
-118,-4,1,-5,-121,-3
-121,-3,0,0,-124,-3
-124,-3,0,0,-127,-3
-127,-3,0,0,-130,-3
-130,-3,1,-5,-132,-2
-132,-2,2,-5,-135,-3
-135,-3,1,-5,-137,-2
-137,-2,1,-5,-138,-1
-138,-1,2,-5,-140,-2
-140,-2,2,-5,-143,-3
-143,-3,2,-5,-147,-4
-147,-4,0,0,-151,-4
-151,-4,2,-5,-156,-5
-156,-5,0,0,-161,-5
-161,-5,1,-5,-165,-4
-165,-4,0,0,-169,-4
-169,-4,1,-5,-172,-3
-172,-3,0,0,-175,-3
-175,-3,0,0,-178,-3
-178,-3,0,0,-181,-3
-181,-3,0,0,-184,-3
-184,-3,0,0,-187,-3
-187,-3,1,-5,0,0
-31,3,2,-5,-29,2
-29,2,2,-5,-28,1
-28,1,1,-5,-26,2
-26,2,1,-5,-23,3
-23,3,2,-5,-21,2
-21,2,0,0,-19,2
-19,2,2,-5,-18,1
-18,1,0,0,-17,1
-17,1,1,-5,-15,2
-15,2,0,0,-13,2
-13,2,2,-5,0,0
64,-2,0,0,62,-2
62,-2,1,-5,61,-1
61,-1,1,-5,61,0
61,0,2,-5,60,-1
60,-1,2,-5,58,-2
58,-2,2,-5,55,-3
55,-3,2,-5,51,-4
51,-4,1,-5,48,-3
48,-3,0,0,45,-3
45,-3,1,-5,43,-2
43,-2,2,-5,40,-3
40,-3,1,-5,38,-2
38,-2,2,-5,35,-3
35,-3,1,-5,33,-2
33,-2,1,-5,32,-1
32,-1,0,0,31,-1
31,-1,0,0,30,-1
30,-1,2,-5,28,-2
28,-2,0,0,26,-2
26,-2,0,0,24,-2
24,-2,1,-5,23,-1
23,-1,1,-5,23,0
23,0,1,-5,24,1
24,1,0,0,25,1
25,1,2,-5,25,0
25,0,2,-5,24,-1
24,-1,1,-5,24,0
24,0,0,0,24,0
24,0,2,-5,23,-1
23,-1,1,-5,23,0
23,0,0,0,23,0
23,0,1,-5,24,1
24,1,1,-5,26,2
26,2,2,-5,27,1
27,1,1,-5,29,2
29,2,2,-5,30,1
30,1,2,-5,30,0
30,0,2,-5,29,-1
29,-1,0,0,28,-1
28,-1,0,0,27,-1
27,-1,1,-5,27,0
27,0,2,-5,26,-1
26,-1,2,-5,24,-2
24,-2,0,0,22,-2
22,-2,2,-5,19,-3
19,-3,2,-5,15,-4
15,-4,1,-5,12,-3
12,-3,2,-5,8,-4
8,-4,0,0,4,-4
4,-4,1,-5,1,-3
1,-3,1,-5,-1,-2
-1,-2,2,-5,-4,-3
-4,-3,1,-5,-6,-2
-6,-2,0,0,-8,-2
-8,-2,2,-5,-11,-3
-11,-3,2,-5,-15,-4
-15,-4,1,-5,-18,-3
-18,-3,0,0,-21,-3
-21,-3,1,-5,-23,-2
-23,-2,2,-5,-26,-3
45,2,2,-5,46,1
46,1,0,0,47,1
47,1,1,-5,49,2
49,2,1,-5,52,3
52,3,0,0,55,3
55,3,0,0,58,3
58,3,0,0,61,3
61,3,2,-5,63,2
63,2,2,-5,64,1
64,1,0,0,65,1
65,1,0,0,66,1
66,1,1,-5,68,2
68,2,1,-5,71,3
71,3,2,-5,73,2
73,2,0,0,75,2
75,2,0,0,77,2
77,2,0,0,0,0
-57,2,1,-5,-54,3
-54,3,0,0,-51,3
-51,3,1,-5,-47,4
-47,4,1,-5,-42,5
-42,5,1,-5,-36,6
-36,6,2,-5,-31,5
-31,5,0,0,-26,5
-26,5,1,-5,-20,6
-20,6,2,-5,-15,5
-15,5,0,0,-10,5
-10,5,2,-5,-6,4
-6,4,1,-5,-1,5
-1,5,1,-5,5,6
5,6,2,-5,10,5
10,5,0,0,15,5
15,5,2,-5,19,4
19,4,0,0,23,4
23,4,2,-5,26,3
26,3,2,-5,28,2
28,2,2,-5,29,1
29,1,0,0,30,1
30,1,1,-5,32,2
32,2,2,-5,33,1
33,1,2,-5,33,0
33,0,2,-5,32,-1
32,-1,1,-5,32,0
32,0,1,-5,33,1
33,1,1,-5,35,2
35,2,1,-5,38,3
38,3,2,-5,40,2
40,2,1,-5,43,3
43,3,1,-5,47,4
47,4,0,0,51,4
51,4,0,0,55,4
55,4,2,-5,58,3
58,3,2,-5,60,2
60,2,2,-5,61,1
61,1,2,-5,61,0
61,0,2,-5,60,-1
60,-1,2,-5,58,-2
58,-2,0,0,56,-2
56,-2,1,-5,55,-1
55,-1,1,-5,55,0
55,0,1,-5,56,1
56,1,1,-5,58,2
58,2,1,-5,61,3
61,3,0,0,64,3
64,3,1,-5,68,4
68,4,1,-5,73,5
73,5,1,-5,79,6
79,6,0,0,85,6
85,6,0,0,91,6
91,6,1,-5,98,7
98,7,0,0,105,7
105,7,1,-5,113,8
113,8,1,-5,122,9
122,9,1,-5,132,10
132,10,1,-5,0,0
-136,-3,1,-5,-138,-2
-138,-2,1,-5,-139,-1
-139,-1,1,-5,-139,0
-139,0,2,-5,-140,-1
-140,-1,2,-5,-142,-2
-142,-2,2,-5,-145,-3
-145,-3,0,0,-148,-3
-148,-3,2,-5,-152,-4
-152,-4,1,-5,-155,-3
-155,-3,0,0,-158,-3
-158,-3,0,0,-161,-3
-161,-3,2,-5,-165,-4
-165,-4,0,0,-169,-4
-169,-4,0,0,-173,-4
-173,-4,0,0,-177,-4
-177,-4,2,-5,-182,-5
-182,-5,2,-5,-188,-6
-188,-6,1,-5,-193,-5
-193,-5,2,-5,0,0
-117,3,1,-5,-113,4
-113,4,1,-5,-108,5
-108,5,2,-5,-104,4
-104,4,0,0,-100,4
-100,4,0,0,-96,4
-96,4,1,-5,-91,5
-91,5,2,-5,-87,4
-87,4,1,-5,-82,5
-82,5,2,-5,-78,4
-78,4,1,-5,-73,5
-73,5,1,-5,-67,6
-67,6,0,0,-61,6
-61,6,0,0,-55,6
-55,6,1,-5,-48,7
-48,7,0,0,-41,7
-41,7,1,-5,-33,8
-33,8,2,-5,-26,7
-26,7,2,-5,-20,6
-20,6,2,-5,-15,5
-15,5,1,-5,-9,6
-9,6,2,-5,-4,5
-4,5,1,-5,2,6
2,6,2,-5,7,5
7,5,2,-5,11,4
11,4,1,-5,16,5
16,5,2,-5,20,4
20,4,0,0,24,4
24,4,1,-5,29,5
29,5,2,-5,33,4
33,4,0,0,37,4
37,4,2,-5,40,3
40,3,0,0,43,3
43,3,0,0,46,3
46,3,0,0,49,3
49,3,1,-5,53,4
53,4,1,-5,58,5
58,5,1,-5,64,6
64,6,1,-5,71,7
71,7,0,0,78,7
78,7,1,-5,86,8
86,8,1,-5,95,9
95,9,0,0,104,9
104,9,0,0,113,9
113,9,0,0,122,9
122,9,0,0,131,9
131,9,2,-5,139,8
139,8,0,0,147,8
147,8,2,-5,154,7
154,7,2,-5,160,6
160,6,2,-5,165,5
165,5,0,0,170,5
170,5,1,-5,0,0
25,3,0,0,28,3
28,3,0,0,31,3
31,3,2,-5,33,2
33,2,0,0,35,2
35,2,2,-5,36,1
36,1,1,-5,38,2
38,2,2,-5,39,1
39,1,1,-5,41,2
41,2,0,0,43,2
43,2,1,-5,46,3
46,3,1,-5,50,4
50,4,1,-5,55,5
55,5,1,-5,0,0
45,1,1,-5,47,2
47,2,2,-5,48,1
48,1,0,0,49,1
49,1,1,-5,51,2
51,2,1,-5,54,3
54,3,1,-5,58,4
58,4,0,0,62,4
62,4,1,-5,67,5
67,5,2,-5,71,4
71,4,1,-5,76,5
76,5,1,-5,82,6
82,6,1,-5,89,7
89,7,0,0,96,7
96,7,0,0,103,7
103,7,1,-5,111,8
111,8,1,-5,120,9
120,9,2,-5,128,8
128,8,1,-5,137,9
137,9,2,-5,145,8
145,8,0,0,0,0
42,-3,1,-5,40,-2
40,-2,1,-5,0,0
8,-1,1,-5,8,0
8,0,2,-5,7,-1
7,-1,2,-5,5,-2
5,-2,1,-5,4,-1
4,-1,1,-5,4,0
4,0,1,-5,5,1
5,1,0,0,6,1
6,1,0,0,0,0
-8,2,2,-5,-7,1
-7,1,1,-5,-5,2
-5,2,2,-5,-4,1
-4,1,1,-5,-2,2
-2,2,0,0,0,2
0,2,1,-5,3,3
3,3,0,0,6,3
6,3,0,0,9,3
9,3,1,-5,13,4
13,4,1,-5,18,5
18,5,2,-5,22,4
22,4,2,-5,25,3
25,3,2,-5,27,2
27,2,0,0,29,2
29,2,0,0,31,2
31,2,0,0,33,2
33,2,1,-5,0,0
90,3,1,-5,94,4
94,4,2,-5,97,3
97,3,2,-5,99,2
99,2,1,-5,102,3
102,3,2,-5,104,2
104,2,2,-5,105,1
105,1,2,-5,105,0
105,0,1,-5,106,1
106,1,1,-5,108,2
108,2,0,0,110,2
110,2,0,0,112,2
112,2,1,-5,0,0
1,-1,0,0,0,-1
0,-1,1,-5,0,0
0,0,2,-5,-1,-1
-1,-1,2,-5,-3,-2
-3,-2,0,0,-5,-2
-5,-2,2,-5,-8,-3
-8,-3,2,-5,-12,-4
-12,-4,2,-5,-17,-5
-17,-5,0,0,-22,-5
-22,-5,0,0,-27,-5
-27,-5,2,-5,-33,-6
-33,-6,0,0,-39,-6
-39,-6,0,0,-45,-6
-45,-6,1,-5,-50,-5
-50,-5,0,0,-55,-5
-55,-5,1,-5,-59,-4
-59,-4,2,-5,-64,-5
-64,-5,1,-5,-68,-4
-68,-4,0,0,-72,-4
-72,-4,0,0,0,0
-125,2,2,-5,-124,1
-124,1,0,0,-123,1
-123,1,1,-5,-121,2
-121,2,0,0,-119,2
-119,2,2,-5,0,0
-107,4,1,-5,-102,5
-102,5,2,-5,-98,4
-98,4,1,-5,-93,5
-93,5,2,-5,-89,4
-89,4,1,-5,-84,5
-84,5,0,0,-79,5
-79,5,0,0,-74,5
-74,5,1,-5,-68,6
-68,6,2,-5,-63,5
-63,5,2,-5,-59,4
-59,4,0,0,-55,4
-55,4,2,-5,-52,3
-52,3,2,-5,-50,2
-50,2,0,0,-48,2
-48,2,1,-5,-45,3
-45,3,0,0,-42,3
-42,3,0,0,-39,3
-39,3,2,-5,-37,2
-37,2,0,0,-35,2
-35,2,1,-5,-32,3
-32,3,1,-5,-28,4
-28,4,0,0,-24,4
-24,4,2,-5,-21,3
-21,3,1,-5,-17,4
-17,4,2,-5,-14,3
-14,3,2,-5,0,0
172,1,1,-5,174,2
174,2,1,-5,177,3
177,3,2,-5,179,2
179,2,0,0,181,2
181,2,0,0,183,2
183,2,1,-5,186,3
186,3,2,-5,188,2
188,2,1,-5,191,3
191,3,1,-5,0,0
-36,3,0,0,-33,3
-33,3,2,-5,-31,2
-31,2,0,0,-29,2
-29,2,0,0,-27,2
-27,2,0,0,-25,2
-25,2,1,-5,-22,3
-22,3,0,0,-19,3
-19,3,2,-5,-17,2
-17,2,0,0,-15,2
-15,2,0,0,-13,2
-13,2,1,-5,-10,3
-10,3,1,-5,-6,4
-6,4,1,-5,-1,5
-1,5,0,0,4,5
4,5,0,0,9,5
9,5,1,-5,15,6
15,6,2,-5,20,5
20,5,2,-5,24,4
24,4,2,-5,27,3
27,3,0,0,30,3
30,3,2,-5,32,2
32,2,2,-5,33,1
33,1,0,0,34,1
34,1,1,-5,0,0
-151,0,2,-5,-152,-1
-152,-1,1,-5,-152,0
-152,0,1,-5,-151,1
-151,1,2,-5,-151,0
-151,0,1,-5,-150,1
-150,1,2,-5,-150,0
-150,0,0,0,-150,0
-150,0,2,-5,-151,-1
-151,-1,1,-5,-151,0
-151,0,0,0,-151,0
-151,0,1,-5,-150,1
-150,1,0,0,-149,1
-149,1,2,-5,-149,0
-149,0,1,-5,-148,1
-148,1,2,-5,-148,0
-148,0,2,-5,-149,-1
-149,-1,1,-5,-149,0
-149,0,1,-5,-148,1
-148,1,0,0,-147,1
-147,1,0,0,-146,1
-146,1,2,-5,-146,0
-146,0,1,-5,-145,1
-145,1,0,0,-144,1
-144,1,2,-5,-144,0
-144,0,2,-5,-145,-1
-145,-1,1,-5,-145,0
-145,0,2,-5,-146,-1
-146,-1,2,-5,-148,-2
-148,-2,1,-5,-149,-1
-149,-1,2,-5,-151,-2
-151,-2,0,0,-153,-2
-153,-2,2,-5,-156,-3
-156,-3,2,-5,0,0
67,-1,2,-5,65,-2
65,-2,0,0,63,-2
63,-2,2,-5,60,-3
60,-3,2,-5,56,-4
56,-4,2,-5,51,-5
51,-5,2,-5,45,-6
45,-6,1,-5,40,-5
40,-5,0,0,35,-5
35,-5,2,-5,29,-6
29,-6,2,-5,22,-7
22,-7,0,0,15,-7
15,-7,1,-5,9,-6
9,-6,0,0,3,-6
3,-6,0,0,-3,-6
-3,-6,1,-5,-8,-5
-8,-5,2,-5,-14,-6
-14,-6,1,-5,-19,-5
-19,-5,0,0,-24,-5
-24,-5,0,0,-29,-5
-29,-5,0,0,-34,-5
-34,-5,1,-5,-38,-4
-38,-4,2,-5,-43,-5
-43,-5,1,-5,-47,-4
-47,-4,0,0,-51,-4
-51,-4,2,-5,-56,-5
-56,-5,2,-5,-62,-6
-62,-6,2,-5,-69,-7
-69,-7,2,-5,-77,-8
-77,-8,1,-5,-84,-7
-84,-7,1,-5,-90,-6
-90,-6,0,0,-96,-6
-96,-6,1,-5,-101,-5
-101,-5,2,-5,-107,-6
-107,-6,0,0,-113,-6
-113,-6,0,0,-119,-6
-119,-6,1,-5,-124,-5
-124,-5,1,-5,0,0
